{
    "sourceFile": "task1.html",
    "activeCommit": 0,
    "commits": [
        {
            "activePatchIndex": 0,
            "patches": [
                {
                    "date": 1679261189819,
                    "content": "Index: \n===================================================================\n--- \n+++ \n"
                }
            ],
            "date": 1679261189819,
            "name": "Commit-0",
            "content": "<!DOCTYPE html>\r\n<html lang=\"en\">\r\n\r\n<head>\r\n    <meta charset=\"UTF-8\">\r\n    <meta http-equiv=\"X-UA-Compatible\" content=\"IE=edge\">\r\n    <meta name=\"viewport\" content=\"width=device-width, initial-scale=1.0\">\r\n    <title>Document</title>\r\n</head>\r\n\r\n<body>\r\n    <div class=\"condition\">\r\n        Начальные стили установленны. Вставьте только нужные.<br>\r\n        Условие выполнения. Каждый блок показывает где и когда он виден. Пропишите @media запрос\r\n        таким образом, что бы он соответствовал его описанию внутри себя\r\n    </div>\r\n    <div class=\"flex-block\">\r\n        <div class=\"block1\">я виден только на телефоне и не виден больше чем 600px</div>\r\n        <div class=\"block2\">я виден везде</div>\r\n        <div class=\"block3\">я виден только на экранах больше чем 1140px</div>\r\n        <div class=\"block4\">я виден между 700px и 1000px</div>\r\n    </div>\r\n    <style>\r\n        .flex-block {\r\n            display: flex;\r\n        }\r\n\r\n        .block1 {\r\n            background: red;\r\n            height: 120px;\r\n            width: 120px;\r\n            margin: 10px;\r\n            float: left;\r\n            padding: 10px;\r\n            display: none;\r\n        }\r\n\r\n        @media (max-width:600px) {\r\n            .block1 {\r\n                visibility: visible;\r\n                display: block;\r\n            }\r\n        }\r\n\r\n        .block2 {\r\n            background: yellow;\r\n            height: 120px;\r\n            width: 120px;\r\n            margin: 10px;\r\n            float: left;\r\n            padding: 10px;\r\n        }\r\n\r\n        .block3 {\r\n            background: green;\r\n            height: 120px;\r\n            width: 120px;\r\n            margin: 10px;\r\n            float: left;\r\n            padding: 10px;\r\n            display: none;\r\n        }\r\n\r\n        @media (min-width:1140px) {\r\n            .block3 {\r\n                display: block;\r\n            }\r\n        }\r\n\r\n        .block4 {\r\n            background: blue;\r\n            height: 120px;\r\n            width: 120px;\r\n            margin: 10px;\r\n            float: left;\r\n            padding: 10px;\r\n            display: none;\r\n        }\r\n\r\n        @media (min-width:700px) and (max-width:1000px) {\r\n            .block4 {\r\n                display: block;\r\n            }\r\n        }\r\n    </style>\r\n</body>\r\n\r\n</html>"
        }
    ]
}