{
    "sourceFile": "task2.html",
    "activeCommit": 0,
    "commits": [
        {
            "activePatchIndex": 13,
            "patches": [
                {
                    "date": 1679261188492,
                    "content": "Index: \n===================================================================\n--- \n+++ \n"
                },
                {
                    "date": 1679261712748,
                    "content": "Index: \n===================================================================\n--- \n+++ \n@@ -81,11 +81,11 @@\n     </div>\r\n \r\n     <h2>четвертая часть</h2>\r\n \r\n-    <div class=\"\">\r\n-        <div class=\"\">\r\n-            <div class=\"\">\r\n+    <div class=\"container\">\r\n+        <div class=\"row\">\r\n+            <div class=\"col-md-5 d-none d-sm-block d-sm-none d-md block\">\r\n                 <div class=\"wrapper\">\r\n                    я блок шириной 5 колонок md разрешении(и больше), но полностью не виден в xs и sm\r\n                 </div>\r\n             </div>\r\n"
                },
                {
                    "date": 1679261919915,
                    "content": "Index: \n===================================================================\n--- \n+++ \n@@ -83,9 +83,9 @@\n     <h2>четвертая часть</h2>\r\n \r\n     <div class=\"container\">\r\n         <div class=\"row\">\r\n-            <div class=\"col-md-5 d-none d-sm-block d-sm-none d-md block\">\r\n+            <div class=\"col-md-5 d-sm-block d-sm-none d-md block\">\r\n                 <div class=\"wrapper\">\r\n                    я блок шириной 5 колонок md разрешении(и больше), но полностью не виден в xs и sm\r\n                 </div>\r\n             </div>\r\n"
                },
                {
                    "date": 1679261932875,
                    "content": "Index: \n===================================================================\n--- \n+++ \n@@ -83,9 +83,9 @@\n     <h2>четвертая часть</h2>\r\n \r\n     <div class=\"container\">\r\n         <div class=\"row\">\r\n-            <div class=\"col-md-5 d-sm-block d-sm-none d-md block\">\r\n+            <div class=\"\">\r\n                 <div class=\"wrapper\">\r\n                    я блок шириной 5 колонок md разрешении(и больше), но полностью не виден в xs и sm\r\n                 </div>\r\n             </div>\r\n"
                },
                {
                    "date": 1679262338616,
                    "content": "Index: \n===================================================================\n--- \n+++ \n@@ -83,9 +83,9 @@\n     <h2>четвертая часть</h2>\r\n \r\n     <div class=\"container\">\r\n         <div class=\"row\">\r\n-            <div class=\"\">\r\n+            <div class=\"сol-md-5 d-none d-sm-block d-sm-none d-md-block\">\r\n                 <div class=\"wrapper\">\r\n                    я блок шириной 5 колонок md разрешении(и больше), но полностью не виден в xs и sm\r\n                 </div>\r\n             </div>\r\n"
                },
                {
                    "date": 1679262433699,
                    "content": "Index: \n===================================================================\n--- \n+++ \n@@ -88,9 +88,9 @@\n                 <div class=\"wrapper\">\r\n                    я блок шириной 5 колонок md разрешении(и больше), но полностью не виден в xs и sm\r\n                 </div>\r\n             </div>\r\n-            <div class=\"\">\r\n+            <div class=\"col-4 d-md-none d-ld-block d-xl-none d-xxl-block\">\r\n                 <div class=\"wrapper\">\r\n                    я блок из 4 колонок и не виден на больших экранах, на размерах md и xl\r\n                 </div>\r\n             </div>\r\n"
                },
                {
                    "date": 1679262641874,
                    "content": "Index: \n===================================================================\n--- \n+++ \n@@ -93,9 +93,9 @@\n                 <div class=\"wrapper\">\r\n                    я блок из 4 колонок и не виден на больших экранах, на размерах md и xl\r\n                 </div>\r\n             </div>\r\n-            <div class=\"\">\r\n+            <div class=\"col\">\r\n                 <div class=\"wrapper\">\r\n                     я произволного размера, занимаю столько места, сколько осталось. виден везде\r\n                 </div>\r\n             </div>\r\n@@ -103,10 +103,10 @@\n     </div>\r\n \r\n     \r\n     <h2>пятая часть</h2>\r\n-    <div class=\"\">\r\n-        <div class=\"\">\r\n+    <div class=\"row\">\r\n+        <div class=\"col-6\">\r\n             <div class=\"wrapper\">\r\n                 я блок имею 6 колонк\r\n                 <div class=\"\">\r\n                     <div class=\"\">\r\n@@ -121,9 +121,9 @@\n                     </div>\r\n                 </div>\r\n             </div>\r\n         </div>\r\n-        <div class=\"col-12\">\r\n+        <div class=\"col-12 col bd-light\">\r\n             <div class=\"wrapper3\">\r\n                 Я блок имею 1 колонку. Я бесцветный.\r\n             </div>\r\n         </div>\r\n"
                },
                {
                    "date": 1679262664059,
                    "content": "Index: \n===================================================================\n--- \n+++ \n@@ -104,9 +104,9 @@\n \r\n     \r\n     <h2>пятая часть</h2>\r\n     <div class=\"row\">\r\n-        <div class=\"col-6\">\r\n+        <div class=\"col col col col col col\">\r\n             <div class=\"wrapper\">\r\n                 я блок имею 6 колонк\r\n                 <div class=\"\">\r\n                     <div class=\"\">\r\n"
                },
                {
                    "date": 1679262920187,
                    "content": "Index: \n===================================================================\n--- \n+++ \n@@ -113,9 +113,9 @@\n                         <div class=\"wrapper2\">\r\n                             я блок внутри и имею 6 колонок\r\n                         </div>\r\n                     </div>\r\n-                    <div class=\"\">\r\n+                    <div class=\"col-2 col-2 col-2\">\r\n                         <div class=\"wrapper2\">\r\n                             я блок внутри и имею 6 колонок\r\n                         </div>\r\n                     </div>\r\n"
                },
                {
                    "date": 1679263078744,
                    "content": "Index: \n===================================================================\n--- \n+++ \n@@ -107,15 +107,15 @@\n     <div class=\"row\">\r\n         <div class=\"col col col col col col\">\r\n             <div class=\"wrapper\">\r\n                 я блок имею 6 колонк\r\n-                <div class=\"\">\r\n-                    <div class=\"\">\r\n+                <div class=\"container\">\r\n+                    <div class=\"col-6\">\r\n                         <div class=\"wrapper2\">\r\n                             я блок внутри и имею 6 колонок\r\n                         </div>\r\n                     </div>\r\n-                    <div class=\"col-2 col-2 col-2\">\r\n+                    <div class=\"col-6\">\r\n                         <div class=\"wrapper2\">\r\n                             я блок внутри и имею 6 колонок\r\n                         </div>\r\n                     </div>\r\n"
                },
                {
                    "date": 1679263297537,
                    "content": "Index: \n===================================================================\n--- \n+++ \n@@ -104,9 +104,9 @@\n \r\n     \r\n     <h2>пятая часть</h2>\r\n     <div class=\"row\">\r\n-        <div class=\"col col col col col col\">\r\n+        <div class=\"col-6\">\r\n             <div class=\"wrapper\">\r\n                 я блок имею 6 колонк\r\n                 <div class=\"container\">\r\n                     <div class=\"col-6\">\r\n"
                },
                {
                    "date": 1679263433494,
                    "content": "Index: \n===================================================================\n--- \n+++ \n@@ -50,9 +50,9 @@\n                 <div class=\"wrapper\">\r\n                     этот блок col занимает все пустое пространство\r\n                 </div>\r\n             </div>\r\n-            <div class=\"col-6 col-6\">\r\n+            <div class=\"col-2\">\r\n                 <div class=\"wrapper\">\r\n                     этот блок col занимает ширину в 2 колонки\r\n                 </div>\r\n             </div>\r\n"
                },
                {
                    "date": 1679263561065,
                    "content": "Index: \n===================================================================\n--- \n+++ \n@@ -61,19 +61,19 @@\n \r\n     <h2>третья часть</h2>\r\n     <div class=\"container\">\r\n         <div class=\"row\">\r\n-            <div class=\"сol-xs-12 col-sm-6 col-md-6 col-lg-6 col-xl-6\">\r\n+            <div class=\"сol-12 col-sm-6\">\r\n                 <div class=\"wrapper\">\r\n                     этот блок col занимает 100% ширину на мобильном устройстве, а на большем разрешении имеет 6 колонки\r\n                 </div>\r\n             </div>\r\n-            <div class=\"сol-xs-12 col-sm-3 col-md-3 col-lg-3 col-xl-3\">\r\n+            <div class=\"сol-12 col-sm-3\">\r\n                 <div class=\"wrapper\">\r\n                     этот блок col занимает 100% ширину на мобильном устройстве, а на большем разрешении имеет 3 колонки\r\n                 </div>\r\n             </div>\r\n-            <div class=\"сol-xs-12 col-sm-3 col-md-3 col-lg-3 col-xl-3\">\r\n+            <div class=\"сol-12 col-sm-3\">\r\n                 <div class=\"wrapper\">\r\n                     этот блок col занимает 100% ширину на мобильном устройстве, а на большем разрешении имеет 3 колонки\r\n                 </div>\r\n             </div>\r\n"
                },
                {
                    "date": 1679263753515,
                    "content": "Index: \n===================================================================\n--- \n+++ \n@@ -50,9 +50,9 @@\n                 <div class=\"wrapper\">\r\n                     этот блок col занимает все пустое пространство\r\n                 </div>\r\n             </div>\r\n-            <div class=\"col-2\">\r\n+            <div class=\"col-6\">\r\n                 <div class=\"wrapper\">\r\n                     этот блок col занимает ширину в 2 колонки\r\n                 </div>\r\n             </div>\r\n@@ -83,14 +83,14 @@\n     <h2>четвертая часть</h2>\r\n \r\n     <div class=\"container\">\r\n         <div class=\"row\">\r\n-            <div class=\"сol-md-5 d-none d-sm-block d-sm-none d-md-block\">\r\n+            <div class=\"сol-md-5 d-none d-md-block\">\r\n                 <div class=\"wrapper\">\r\n                    я блок шириной 5 колонок md разрешении(и больше), но полностью не виден в xs и sm\r\n                 </div>\r\n             </div>\r\n-            <div class=\"col-4 d-md-none d-ld-block d-xl-none d-xxl-block\">\r\n+            <div class=\"col-4 d-md-none d-lg-block d-xl-none d-xxl-block\">\r\n                 <div class=\"wrapper\">\r\n                    я блок из 4 колонок и не виден на больших экранах, на размерах md и xl\r\n                 </div>\r\n             </div>\r\n"
                }
            ],
            "date": 1679261188492,
            "name": "Commit-0",
            "content": "<!DOCTYPE html>\r\n<html lang=\"en\">\r\n<head>\r\n    <meta charset=\"UTF-8\">\r\n    <meta http-equiv=\"X-UA-Compatible\" content=\"IE=edge\">\r\n    <meta name=\"viewport\" content=\"width=device-width, initial-scale=1.0\">\r\n    <title>Document</title>\r\n\r\n    <link rel=\"stylesheet\" href=\"css/bootstrap.css\">\r\n    <link rel=\"stylesheet\" href=\"css/task2.css\">\r\n</head>\r\n<body>\r\n    <div class=\"instruction\">\r\n        <p>используйте вставку container,row,col в пропущенных местах class=\"\"</p>\r\n        <p><b>Внимание</b> вствлять нужно только в пропущенных class=\"тут\" местах. и только bootstrap классы</p>\r\n        <p>используйте col, col-auto, col-xs, col-sm, col-md, col-lg</p>\r\n        <p>так же используйте колоноки по цифрам1-12 по типу: col-2, col-md-4, col-sm-3 и т.д.</p>\r\n    </div>\r\n    <h2>Первая часть </h2>\r\n    <div class=\"container\">\r\n        <div class=\"row\">\r\n            <div class=\"col-12\">\r\n                <div class=\"wrapper\">\r\n                    этот блок col имеет всю ширину у родителя\r\n                </div>\r\n            </div>\r\n            <div class=\"col-6\">\r\n                <div class=\"wrapper\">\r\n                    этот блок col имеет 50% ширины от общего пространства\r\n                </div>\r\n            </div>\r\n            <div class=\"col-6\">\r\n                <div class=\"wrapper\">\r\n                    этот блок col имеет 50% ширины от общего пространства\r\n                </div>\r\n            </div>\r\n        </div>\r\n    </div>\r\n\r\n\r\n    <h2>вторая часть</h2>\r\n    <div class=\"container\">\r\n        <div class=\"row\">\r\n            <div class=\"col-auto\">\r\n                <div class=\"wrapper\">\r\n                    этот блок col автоматическую ширину\r\n                </div>\r\n            </div>\r\n            <div class=\"col\">\r\n                <div class=\"wrapper\">\r\n                    этот блок col занимает все пустое пространство\r\n                </div>\r\n            </div>\r\n            <div class=\"col-6 col-6\">\r\n                <div class=\"wrapper\">\r\n                    этот блок col занимает ширину в 2 колонки\r\n                </div>\r\n            </div>\r\n        </div>\r\n    </div>\r\n\r\n    <h2>третья часть</h2>\r\n    <div class=\"container\">\r\n        <div class=\"row\">\r\n            <div class=\"сol-xs-12 col-sm-6 col-md-6 col-lg-6 col-xl-6\">\r\n                <div class=\"wrapper\">\r\n                    этот блок col занимает 100% ширину на мобильном устройстве, а на большем разрешении имеет 6 колонки\r\n                </div>\r\n            </div>\r\n            <div class=\"сol-xs-12 col-sm-3 col-md-3 col-lg-3 col-xl-3\">\r\n                <div class=\"wrapper\">\r\n                    этот блок col занимает 100% ширину на мобильном устройстве, а на большем разрешении имеет 3 колонки\r\n                </div>\r\n            </div>\r\n            <div class=\"сol-xs-12 col-sm-3 col-md-3 col-lg-3 col-xl-3\">\r\n                <div class=\"wrapper\">\r\n                    этот блок col занимает 100% ширину на мобильном устройстве, а на большем разрешении имеет 3 колонки\r\n                </div>\r\n            </div>\r\n        </div>\r\n    </div>\r\n\r\n    <h2>четвертая часть</h2>\r\n\r\n    <div class=\"\">\r\n        <div class=\"\">\r\n            <div class=\"\">\r\n                <div class=\"wrapper\">\r\n                   я блок шириной 5 колонок md разрешении(и больше), но полностью не виден в xs и sm\r\n                </div>\r\n            </div>\r\n            <div class=\"\">\r\n                <div class=\"wrapper\">\r\n                   я блок из 4 колонок и не виден на больших экранах, на размерах md и xl\r\n                </div>\r\n            </div>\r\n            <div class=\"\">\r\n                <div class=\"wrapper\">\r\n                    я произволного размера, занимаю столько места, сколько осталось. виден везде\r\n                </div>\r\n            </div>\r\n        </div>\r\n    </div>\r\n\r\n    \r\n    <h2>пятая часть</h2>\r\n    <div class=\"\">\r\n        <div class=\"\">\r\n            <div class=\"wrapper\">\r\n                я блок имею 6 колонк\r\n                <div class=\"\">\r\n                    <div class=\"\">\r\n                        <div class=\"wrapper2\">\r\n                            я блок внутри и имею 6 колонок\r\n                        </div>\r\n                    </div>\r\n                    <div class=\"\">\r\n                        <div class=\"wrapper2\">\r\n                            я блок внутри и имею 6 колонок\r\n                        </div>\r\n                    </div>\r\n                </div>\r\n            </div>\r\n        </div>\r\n        <div class=\"col-12\">\r\n            <div class=\"wrapper3\">\r\n                Я блок имею 1 колонку. Я бесцветный.\r\n            </div>\r\n        </div>\r\n        <div class=\"col-5\">\r\n            <div class=\"wrapper\">\r\n                Я блок имею 5 колонок\r\n            </div>\r\n        </div>\r\n    </div>\r\n\r\n</body>\r\n</html>"
        }
    ]
}